watch_date,film_title,release_year,rating
2025-04-29,April Fool's Day,1986,5
2025-04-28,Havoc,2025,8
2025-04-26,Until Dawn,2025,7
2025-04-26,Freaky Tales,2024,7
2025-04-23,Gothic Slayers,2025,5
2025-04-21,Van Helsing,2004,6
2025-04-19,Sinners,2025,8
2025-04-18,Captain America: Brave New World,2025,5
2025-04-16,Frightmare,1974,6
2025-04-14,Livestream,2025,4
2025-04-13,Two Evil Eyes,1990,6
2025-04-10,Novocaine,2025,6
2025-04-09,Operation Undead,2024,7
2025-04-07,Hansel & Gretel: Witch Hunters,2013,7
2025-04-07,Skinned Deep,2004,5
2025-04-03,The Rule of Jenny Pen,2024,8
2025-04-02,Trick or Treat,1986,6
2025-04-01,"Goké, Body Snatcher from Hell",1968,6
2025-03-31,Attack of the Blind Dead,1973,5
2025-03-30,Bloat,2025,4
2025-03-27,Hotel Inferno,2013,5
2025-03-26,Versus,2000,6
2025-03-26,Gladiator,2000,8
2025-03-24,Gladiator II,2024,3
2025-03-23,Meg 2: The Trench,2023,5
2025-03-23,A Haunting in Venice,2023,6
2025-03-23,Nothing But the Truth,2008,6
2025-03-21,Abigail,2024,7
2025-03-21,The Last Voyage of the Demeter,2023,7
2025-03-14,Vacation of Terror,1989,5
2025-03-13,The Legend of Wisely,1987,5
2025-03-12,Hood Witch,2023,7
2025-03-09,Mickey 17,2025,7
2025-03-08,Razorback,1984,7
2025-03-06,Red One,2024,6
2025-03-05,The Mummy,1959,5
2025-03-02,Dead of Night,1974,6
2025-02-28,Y2K,2024,5
2025-02-26,The Gorge,2025,4
2025-02-26,The Monkey,2025,7
2025-02-25,Companion,2025,7
2025-02-24,Bloody Muscle Body Builder in Hell,1995,5
2025-02-23,Tomie,1998,5
2025-02-20,Zipperface,1992,1
2025-02-19,Prophecy,1979,7
2025-02-18,The Dead Thing,2024,6
2025-02-16,Encounters of the Spooky Kind,1980,6
2025-02-15,Heart Eyes,2025,7
2025-02-11,Sonic the Hedgehog 3,2024,6
2025-02-11,Blazing Saddles,1974,7
2025-02-09,Wicked,2024,7
2025-02-08,Taeter City,2012,6
2025-02-06,Wolf Man,2025,7
2025-02-06,Hell's Trap,1989,4
2025-02-05,Presence,2024,6
2025-02-04,Godzilla vs. Hedorah,1971,6
2025-02-04,Dark Match,2024,6
2025-02-04,Dawn of the Dead,2004,8
2025-02-03,Friday the 13th: A New Beginning,1985,6
2025-01-31,Grafted,2024,5
2025-01-24,Moana 2,2024,7
2025-01-24,Prophecy,1979,7
2025-01-23,Spookies,1986,6
2025-01-22,Trap,2024,5
2025-01-22,Triangle,2009,7
2025-01-21,The Exorcism,2024,3
2025-01-19,The Exorcist,1973,9
2025-01-14,Evil Dead Trap 2: Hideki,1992,8
2025-01-12,Visitors (Complete Edition),2023,6
2025-01-10,Se7en,1995,10
2025-01-08,Strange Darling,2023,7
2025-01-06,MadS,2024,7
2025-01-06,Mind Body Spirit,2023,5
2025-01-05,Nosferatu,2024,8
2025-01-05,Blade Runner 2049,2017,9
2025-01-05,Krazy House,2024,3
2025-01-04,Red Rooms,2023,7
2025-01-04,Werewolves,2024,5
2025-01-03,Rebel Ridge,2024,9
2025-01-02,The Secret in Their Eyes,2009,8
2025-01-02,Exhuma,2024,7
2024-12-28,Cuckoo,2024,7
2024-12-27,Spontaneous Combustion,1989,4
2024-12-26,Violent Night,2022,6
2024-12-23,Die Hard,1988,10
2024-12-22,Hellboy: The Crooked Man,2024,6
2024-12-21,Frankie Freako,2024,4
2024-12-19,Salem's Lot,2024,6
2024-12-14,Home Alone,1990,8
2024-12-10,Ninja Terminator,1985,4
2024-12-08,"Silent Night, Deadly Night",1984,7
2024-12-08,Jingle All the Way,1996,4
2024-12-07,Home Alone 2: Lost in New York,1992,7
2024-12-06,Gremlins,1984,10
2024-12-04,Azrael,2024,5
2024-11-29,Saturday Night,2024,8
2024-11-27,Ripper: Letter from Hell,2001,1
2024-11-26,The Last Broadcast,1998,7
2024-11-25,Blade II,2002,7
2024-11-24,The Marvels,2023,5
2024-11-24,Blade,1998,7
2024-11-18,All You Need Is Death,2023,6
2024-11-16,The Living Daylights,1987,6
2024-11-12,The Hills Have Eyes,1977,5
2024-11-11,Heretic,2024,7
2024-11-10,Time Cut,2024,2
2024-11-07,Sting,2024,7
2024-11-05,Venom: Let There Be Carnage,2021,5
2024-11-04,The Cat and the Canary,1927,7
2024-11-02,The Phantom Carriage,1921,6
2024-10-31,Addams Family Values,1993,6
2024-10-31,The Addams Family,1991,8
2024-10-29,Carved,2024,4
2024-10-28,The Eyes of the Mummy,1918,4
2024-10-27,Woman of the Hour,2023,6
2024-10-25,Ponyo,2008,8
2024-10-25,My Neighbor Totoro,1988,9
2024-10-24,Häxan,1922,8
2024-10-22,The Man Who Laughs,1928,9
2024-10-21,The Unknown,1927,7
2024-10-20,Smile 2,2024,7
2024-10-20,Ghostbusters: Frozen Empire,2024,5
2024-10-18,The Fall of the House of Usher,1928,8
2024-10-17,Terrifier 3,2024,6
2024-10-14,Waxworks,1924,6
2024-10-12,The Phantom of the Opera,1925,8
2024-10-10,V/H/S/Beyond,2024,8
2024-10-08,The Golem: How He Came Into the World,1920,8
2024-10-07,The Haunted Castle,1921,5
2024-10-06,The Student of Prague,1913,6
2024-10-06,Beetlejuice Beetlejuice,2024,5
2024-10-04,Maciste in Hell,1925,7
2024-10-03,Dante's Inferno,1911,7
2024-10-02,The Hands of Orlac,1924,7
2024-10-02,The Empire Strikes Back,1980,10
2024-10-01,Nosferatu,1922,8
2024-09-29,The Cabinet of Dr. Caligari,1920,8
2024-09-28,Daughters of Darkness,1971,7
2024-09-28,The Substance,2024,8
2024-09-26,Blink Twice,2024,8
2024-09-25,Interstellar,2014,10
2024-09-24,Ghoulies,1985,6
2024-09-24,Grave Torture,2024,4
2024-09-18,Black Sunday,1960,9
2024-09-12,Oddity,2024,7
2024-09-12,Rebel Ridge,2024,9
2024-09-10,Chopping Mall,1986,6
2024-09-09,The Day After Tomorrow,2004,6
2024-09-06,Faust,1926,6
2024-09-05,Alien: Romulus,2024,8
2024-09-02,Eight Eyes,2023,6
2024-09-01,The Outing,1987,6
2024-09-01,Men,2022,8
2024-08-26,The Martian,2015,9
2024-08-26,Alien: Romulus,2024,8
2024-08-24,Hell Hole,2024,5
2024-08-21,The Devil's Bath,2024,8
2024-08-20,Noroi: The Curse,2005,7
2024-08-17,Female Prisoner Scorpion: #701,1972,9
2024-08-10,The Primevals,2023,5
2024-08-09,Deadpool & Wolverine,2024,5
2024-08-07,Clue,1985,9
2024-08-05,Specters,1987,5
2024-08-04,Nightbeast,1982,5
2024-08-01,Twisters,2024,7
2024-07-31,Weird: The Al Yankovic Story,2022,5
2024-07-30,Beyond Atlantis,1973,2
2024-07-28,The Stuff,1985,7
2024-07-27,All Monsters Attack,1969,4
2024-07-26,10 Things I Hate About You,1999,6
2024-07-26,The Ministry of Ungentlemanly Warfare,2024,6
2024-07-25,Cure,1997,8
2024-07-25,The Train of Death,2024,5
2024-07-22,Angel's Egg,1985,8
2024-07-18,The Chill Factor,1993,3
2024-07-18,"Butcher, Baker, Nightmare Maker",1981,6
2024-07-17,Longlegs,2024,8
2024-07-17,A Quiet Place: Day One,2024,8
2024-07-14,Civil War,2024,9
2024-07-12,Beverly Hills Cop: Axel F,2024,6
2024-07-12,Malignant,2021,10
2024-07-08,Love Lies Bleeding,2024,8
2024-07-03,In a Violent Nature,2024,7
2024-07-02,Baghead,2023,5
2024-06-29,The Crazies,1973,4
2024-06-28,I Saw the TV Glow,2024,8
2024-06-25,The Curse of the Werewolf,1961,6
2024-06-25,Beverly Hills Cop II,1987,7
2024-06-23,Get Shorty,1995,7
2024-06-23,Inside Out 2,2024,7
2024-06-22,Ocean's Twelve,2004,8
2024-06-22,The Beach Boys,2024,6
2024-06-18,Fade to Black,1980,4
2024-06-16,Pandemonium,2023,7
2024-06-15,The Lord of the Rings: The Fellowship of the Ring,2001,9
2024-06-14,Under Paris,2024,5
2024-06-11,Monster Mash,2024,4
2024-06-10,Treasure of the Four Crowns,1983,5
2024-06-08,The Watchers,2024,4
2024-06-08,Rats: Night of Terror,1984,4
2024-06-07,Cherry Falls,2000,5
2024-06-06,A Most Atrocious Thing,2024,6
2024-06-04,Jim Henson Idea Man,2024,7
2024-06-03,Furiosa: A Mad Max Saga,2024,5
2024-06-02,Graduation Day,1981,4
2024-05-30,Prom Dates,2024,6
2024-05-30,Boy Kills World,2023,7
2024-05-27,Nightwatch,1994,6
2024-05-21,Canoa: A Shameful Memory,1976,8
2024-05-17,Monster,2023,5
2024-05-16,Maya,1989,5
2024-05-13,Thinner,1996,5
2024-05-13,Tarot,2024,4
2024-05-12,The Fall Guy,2024,6
2024-05-07,Project: Metalbeast,1995,5
2024-05-06,Back to Black,2024,4
2024-05-05,Saltburn,2023,7
2024-05-04,Microwave Massacre,1979,4
2024-05-02,City Hunter,2024,6
2024-05-01,The 13th Floor,1988,4
2024-04-30,Infested,2023,5
2024-04-30,Burnt Offerings,1976,7
2024-04-30,Cannibal Holocaust,1980,7
2024-04-29,Red Dawn,1990,7
2024-04-27,For Your Eyes Only,1981,7
2024-04-26,Abigail,2024,7
2024-04-25,The Warriors,1979,7
2024-04-24,Immaculate,2024,6
2024-04-23,Neon Maniacs,1986,4
2024-04-22,Mad Max: Fury Road,2015,10
2024-04-21,Monkey Man,2024,8
2024-04-18,The Verge of Death,2023,7
2024-04-16,The First Omen,2024,5
2024-04-15,The One Hundred,2022,4
2024-04-10,The Other Hell,1981,3
2024-04-09,Friday the 13th: The Final Chapter,1984,7
2024-04-08,Sijjin,2023,7
2024-04-03,Stopmotion,2023,8
2024-04-01,Godzilla × Kong: The New Empire,2024,6
2024-03-29,Santet,1988,6
2024-03-28,Blacula,1972,7
2024-03-24,Late Night with the Devil,2023,7
2024-03-22,Road House,2024,6
2024-03-19,"Detective Bureau 2-3: Go to Hell, Bastards!",1963,7
2024-03-14,The Beastmaster,1982,5
2024-03-11,Eaten Alive! The Rise and Fall of the Italian Cannibal Film,2015,6
2024-03-10,Searching for Cannibal Holocaust,2021,3
2024-03-06,Indigo,2023,6
2024-03-05,Uzumaki,2000,7
2024-03-03,Dune: Part Two,2024,9
2024-03-02,American Fiction,2023,8
2024-03-01,Sorority House Massacre,1986,4
2024-02-26,Pandorum,2009,7
2024-02-25,The Beekeeper,2024,6
2024-02-25,Django,1966,7
2024-02-25,Edge of Tomorrow,2014,8
2024-02-24,Dune,2021,9
2024-02-23,Mortal Engines,2018,6
2024-02-19,Dark Angel,1990,7
2024-02-16,Bottoms,2023,8
2024-02-12,Destroy All Neighbors,2024,6
2024-02-10,Killer Party,1986,6
2024-02-09,Eyeball,1975,6
2024-02-06,Xtro 2: The Second Encounter,1990,5
2024-02-05,Valentine,2001,6
2024-02-05,Caught in Fear,1985,4
2024-02-01,Smoking Causes Coughing,2022,7
2024-02-01,Enys Men,2022,7
2024-01-31,Divinity,2023,7
2024-01-22,Attachment,2022,6
2024-01-22,Huesera: The Bone Woman,2022,9
2024-01-14,The Hanging Woman,1973,8
2024-01-12,Destroy All Monsters,1968,8
2024-01-10,Consecration,2023,6
2024-01-09,Son of Godzilla,1967,4
2024-01-04,The Unheard,2023,6
2024-01-03,The Angry Black Girl and Her Monster,2023,6
2024-01-02,When Evil Lurks,2023,7
2023-12-30,Leave the World Behind,2023,6
2023-12-28,Delicatessen,1991,9
2023-12-26,Darkness,2002,6
2023-12-22,The Blackening,2022,6
2023-12-22,The Ten Commandments,1956,7
2023-12-21,Pet Sematary: Bloodlines,2023,7
2023-12-20,The Crow,1994,7
2023-12-19,Dark Harvest,2023,7
2023-12-19,Zom 100: Bucket List of the Dead,2023,5
2023-12-15,No One Will Save You,2023,8
2023-12-11,Godzilla Minus One,2023,9
2023-12-10,The Hunger Games: The Ballad of Songbirds & Snakes,2023,6
2023-12-05,The Day of the Beast,1995,9
2023-12-02,Hell House LLC III: Lake of Fire,2019,4
2023-12-01,The Ring,2002,8
2023-12-01,El Conde,2023,8
2023-11-30,The Ninth Configuration,1980,7
2023-11-29,Ring,1998,8
2023-11-28,Ring,1995,5
2023-11-26,The Psychic,1977,7
2023-11-22,Scorpion with Two Tails,1982,6
2023-11-21,Taste of Fear,1961,7
2023-11-20,Thanksgiving,2023,6
2023-11-15,The Sect,1991,5
2023-11-14,México Bárbaro II,2017,4
2023-11-13,Five Nights at Freddy's,2023,5
2023-11-13,V/H/S/85,2023,6
2023-11-07,The Face at the Window,1939,6
2023-11-07,The Black Room,1935,7
2023-11-06,Barbarous Mexico,2014,5
2023-11-01,The Invisible Ray,1936,5
2023-10-30,Dracula's Daughter,1936,8
2023-10-29,Dr. Jekyll and Mr. Hyde,1931,8
2023-10-29,Murders in the Zoo,1933,6
2023-10-27,Werewolf of London,1935,6
2023-10-26,Vampyr,1932,6
2023-10-26,The Invisible Man,1933,8
2023-10-25,Moonraker,1979,5
2023-10-25,The Mask of Fu Manchu,1932,5
2023-10-24,Black Moon,1934,2
2023-10-23,The Devil-Doll,1936,7
2023-10-23,Son of Frankenstein,1939,8
2023-10-22,It Lives Inside,2023,6
2023-10-20,The Old Dark House,1932,7
2023-10-20,The Crying Woman,1933,6
2023-10-18,The Black Cat,1934,8
2023-10-18,Bride of Frankenstein,1935,8
2023-10-14,King Kong,1933,10
2023-10-14,Mad Love,1935,10
2023-10-13,Island of Lost Souls,1932,6
2023-10-13,Murders in the Rue Morgue,1932,4
2023-10-13,The Walking Dead,1936,6
2023-10-11,GoldenEye,1995,7
2023-10-10,"Alice, Sweet Alice",1976,7
2023-10-09,The Mummy,1932,8
2023-10-04,Freaks,1932,10
2023-10-03,M,1931,8
2023-09-28,Elevator Game,2023,1
2023-09-24,The Macabre Trunk,1936,5
2023-09-23,"Ebirah, Horror of the Deep",1966,5
2023-09-20,The Deadly Spawn,1983,7
2023-09-18,The Nun II,2023,5
2023-09-13,The Fury,1978,6
2023-09-12,Salem's Lot,1979,7
2023-09-06,Mark of the Vampire,1935,5
2023-09-05,Without Warning,1980,6
2023-09-01,The Ruins,2008,6
2023-08-29,Cobweb,2023,8
2023-08-29,Cool Runnings,1993,6
2023-08-24,The Haunting,1963,7
2023-08-23,The Scent of Death,1989,6
2023-08-09,Oppenheimer,2023,8
2023-08-09,Teenage Mutant Ninja Turtles: Mutant Mayhem,2023,8
2023-08-08,The Devil Conspiracy,2022,4
2023-08-08,The Toolbox Murders,1978,5
2023-08-07,Misery,1990,9
2023-08-05,Talk to Me,2022,7
2023-08-04,Spiral: From the Book of Saw,2021,5
2023-07-29,Barbie,2023,8
2023-07-27,Resident Evil: Death Island,2023,5
2023-07-25,Becky,2020,5
2023-07-25,Cemetery of Terror,1985,6
2023-07-23,Dog Soldiers,2002,7
2023-07-20,Insidious: The Red Door,2023,5
2023-07-19,Grave Robbers,1989,6
2023-07-19,The Flash,2023,5
2023-07-18,The Lair of the White Worm,1988,7
2023-07-18,Evil Dead Trap,1988,6
2023-07-17,Mission: Impossible – Dead Reckoning,2023,7
2023-07-13,Brooklyn 45,2023,6
2023-07-10,Slugs,1988,6
2023-07-07,Feast III: The Happy Finish,2009,5
2023-07-06,Feast II: Sloppy Seconds,2008,3
2023-07-04,Conan the Barbarian,1982,8
2023-07-03,Feast,2005,7
2023-07-02,Indiana Jones and the Dial of Destiny,2023,7
2023-07-01,Indiana Jones and the Last Crusade,1989,10
2023-06-29,Raiders of the Lost Ark,1981,10
2023-06-26,The Suicide Squad,2021,8
2023-06-21,The Wicker Man,1973,8
2023-06-20,Hell House LLC II: The Abaddon Hotel,2018,6
2023-06-19,The Most Dangerous Game,1932,7
2023-06-18,Godzilla,1998,6
2023-06-16,Spider-Man: Across the Spider-Verse,2023,9
2023-06-16,We're Going to Eat You,1980,5
2023-06-14,The People Under the Stairs,1991,7
2023-06-13,The Boogeyman,2023,5
2023-06-12,The Communion Girl,2022,6
2023-06-09,Polite Society,2023,7
2023-06-08,Venom,2018,6
2023-06-07,Influencer,2022,5
2023-06-02,Godzilla,1954,8
2023-05-31,Tower of Evil,1972,5
2023-05-30,The Abominable Dr. Phibes,1971,6
2023-05-26,From Black,2023,4
2023-05-25,Living with Chucky,2022,5
2023-05-23,Fast X,2023,5
2023-05-22,Shaun of the Dead,2004,8
2023-05-22,Tokyo Drifter,1966,7
2023-05-19,Harry Potter and the Order of the Phoenix,2007,7
2023-05-17,The Quick and the Dead,1995,6
2023-05-16,Candy Land,2022,6
2023-05-15,The Outwaters,2022,4
2023-05-05,Guardians of the Galaxy Vol. 3,2023,7
2023-05-02,Die Hard 2,1990,7
2023-05-02,Samurai Reincarnation,1981,9
2023-05-01,"The Chronicles of Narnia: The Lion, the Witch and the Wardrobe",2005,5
2023-04-29,Elvira: Mistress of the Dark,1988,7
2023-04-26,The Super Mario Bros. Movie,2023,6
2023-04-24,Never Take Sweets from a Stranger,1960,6
2023-04-24,Kids vs. Aliens,2022,6
2023-04-22,Evil Dead Rise,2023,7
2023-04-21,Renfield,2023,5
2023-04-19,The City of the Dead,1960,5
2023-04-18,The Hidden,1987,8
2023-04-17,Phenomena,2023,7
2023-04-16,The Pope's Exorcist,2023,7
2023-04-11,Night at the Museum,2006,6
2023-04-10,Monster Hunter,2020,4
2023-04-05,Unwelcome,2022,5
2023-04-03,The Girl Who Knew Too Much,1963,7
2023-04-03,AVP: Alien vs. Predator,2004,5
2023-04-03,Dungeons & Dragons: Honor Among Thieves,2023,8
2023-04-02,Scream VI,2023,6
2023-03-27,Don't Torture a Duckling,1972,8
2023-03-26,Invasion of Astro-Monster,1965,7
2023-03-25,John Wick: Chapter 4,2023,6
2023-03-22,Cocaine Bear,2023,5
2023-03-22,Mad Love,1935,7
2023-03-20,Cannibal Ferox,1981,3
2023-03-14,Enola Holmes 2,2022,6
2023-03-14,World War Z,2013,6
2023-03-13,Hell House LLC,2015,7
2023-03-10,The Old Dark House,1932,7
2023-03-09,Ebola Syndrome,1996,7
2023-03-09,Curse II: The Bite,1989,4
2023-03-08,Scream,2022,5
2023-03-07,Friday the 13th Part 2,1981,5
2023-03-06,Mystery of the Wax Museum,1933,6
2023-03-04,Violent Night,2022,5
2023-03-03,Knock at the Cabin,2023,4
2023-02-27,Ocean's Eleven,2001,10
2023-02-23,Skinamarink,2022,7
2023-02-21,Huesera: The Bone Woman,2022,8
2023-02-20,The Unholy,1988,7
2023-02-18,Bones and All,2022,7
2023-02-18,Ant-Man and the Wasp: Quantumania,2023,7
2023-02-15,Mad Max: Fury Road,2015,10
2023-02-14,The Kindred,1987,5
2023-02-13,Wizard's Curse,1992,7
2023-02-12,Sorry About the Demon,2022,5
2023-02-07,The Lost City,2022,5
2023-02-07,Puss in Boots: The Last Wish,2022,7
2023-01-31,Satan's Slaves 2: Communion,2022,6
2023-01-30,The Beasts,2022,8
2023-01-28,It's a Summer Film!,2020,6
2023-01-25,The Chalk Line,2022,5
2023-01-23,Anthropophagous,1980,4
2023-01-21,The Menu,2022,7
2023-01-20,Piggy,2022,7
2023-01-17,What Josiah Saw,2021,6
2023-01-14,Glass Onion,2022,8
2023-01-13,The Pale Blue Eye,2022,8
2023-01-12,Till,2022,6
2023-01-11,The Long Walk,2019,7
2023-01-11,The Doll 3,2022,6
2023-01-10,Project Wolf Hunting,2022,7
2023-01-09,Pearl,2022,7
2023-01-08,Black Panther: Wakanda Forever,2022,6
2023-01-05,Escape from New York,1981,8
2023-01-04,Beverly Hills Cop,1984,7
2023-01-04,Watcher,2022,8
2023-01-03,Resurrection,2022,7
2023-01-03,The Innocents,2021,7
2023-01-02,Avatar: The Way of Water,2022,6
2023-01-01,Die Hard,1988,10
2023-01-01,Life of Brian,1979,6
2023-01-01,Django Unchained,2012,9
2023-01-01,Inglourious Basterds,2009,9
2023-01-01,Inglourious Basterds,2009,
2022-12-26,Avatar,2009,6
2022-12-19,Hellhole,2022,6
2022-12-16,Harry Potter and the Goblet of Fire,2005,6
2022-12-16,Harry Potter and the Prisoner of Azkaban,2004,8
2022-12-15,Cyst,2020,4
2022-12-11,Christmas Bloody Christmas,2022,7
2022-12-09,Terrifier 2,2022,7
2022-12-08,Slash/Back,2022,5
2022-12-03,Zootopia,2016,8
2022-12-02,The Nightmare Before Christmas,1993,8
2022-12-01,The Addams Family,1991,8
2022-12-01,Hellraiser,2022,7
2022-11-28,Puppet Master II,1990,4
2022-11-22,Hatching,2022,6
2022-11-21,Visiting Hours,1982,7
2022-11-16,Wendell & Wild,2022,6
2022-11-11,Society,1989,8
2022-11-10,Halloween Ends,2022,3
2022-11-08,The Night Flier,1997,7
2022-11-08,V/H/S/99,2022,7
2022-11-07,Deadstream,2022,8
2022-11-01,The Frozen Ghost,1945,6
2022-11-01,Weird Woman,1944,5
2022-10-31,Dead Men Walk,1943,2
2022-10-31,Barbarian,2022,8
2022-10-31,Carnival of Sinners,1943,8
2022-10-30,Harry Potter and the Chamber of Secrets,2002,6
2022-10-29,Bedlam,1946,6
2022-10-28,I Married a Witch,1942,5
2022-10-27,The Seventh Victim,1943,8
2022-10-26,The Beast with Five Fingers,1946,7
2022-10-25,The Lodger,1944,6
2022-10-25,The Devil Commands,1941,4
2022-10-24,The Ghost Breakers,1940,5
2022-10-24,The Black Cat,1941,7
2022-10-21,Yotsuya Ghost Story Part 2,1949,6
2022-10-21,Yotsuya Ghost Story Part 1,1949,6
2022-10-20,The Uninvited,1944,8
2022-10-18,Black Friday,1940,6
2022-10-17,The Leopard Man,1943,8
2022-10-17,The Lost Boys,1987,7
2022-10-16,The Devil Bat,1940,3
2022-10-15,The Scarlet Claw,1944,6
2022-10-13,The Phantom of the Opera,1962,6
2022-10-12,I Walked with a Zombie,1943,6
2022-10-12,La torre de los siete jorobados,1944,6
2022-10-09,Evil Dead II,1987,8
2022-10-08,Werewolf by Night,2022,7
2022-10-06,Evil Dead,2013,8
2022-10-05,Smile,2022,7
2022-10-04,Pixels,2015,5
2022-10-02,Don't Worry Darling,2022,7
2022-10-01,Hocus Pocus 2,2022,5
2022-09-28,American Cuisine,1998,5
2022-09-28,The Evil Dead,1981,8
2022-09-26,The Body Snatcher,1945,7
2022-09-22,Bodies Bodies Bodies,2022,7
2022-09-21,"Sorry, Wrong Number",1948,6
2022-09-20,Head of the Family,1996,4
2022-09-19,Inferno,1980,6
2022-09-12,Trancers,1984,6
2022-09-10,Snakes on a Plane,2006,5
2022-09-07,Turbulence 3: Heavy Metal,2001,4
2022-09-07,Shock,1946,6
2022-09-06,Where the Scary Things Are,2022,1
2022-09-05,Prom Night,1980,5
2022-08-30,Cat People,1942,5
2022-08-29,Moloch,2022,6
2022-08-28,Ghostbusters,2016,7
2022-08-26,Arsenic and Old Lace,1944,9
2022-08-23,Nope,2022,8
2022-08-22,Glorious,2022,7
2022-08-20,Bullet Train,2022,7
2022-08-20,Cult of Chucky,2017,6
2022-08-18,Lured,1947,8
2022-08-17,A Cat in the Brain,1990,4
2022-08-11,The Invisible Guardian,2017,6
2022-08-10,La Abuela (The Grandmother),2021,6
2022-08-09,Prey,2022,8
2022-08-08,Memoirs of a Geisha,2005,7
2022-08-08,Theatre of Blood,1973,8
2022-08-03,The Picture of Dorian Gray,1945,6
2022-07-29,This Is GWAR,2021,7
2022-07-28,Copshop,2021,8
2022-07-25,The Sea Beast,2022,6
2022-07-17,Wrath of Man,2021,7
2022-07-17,Thor: Love and Thunder,2022,7
2022-07-11,Minions: The Rise of Gru,2022,6
2022-07-08,Interceptor,2022,6
2022-07-05,The Slumber Party Massacre,1982,5
2022-07-04,The Black Phone,2021,7
2022-07-03,Revealer,2022,6
2022-07-02,Top Gun: Maverick,2022,7
2022-06-28,Friday the 13th,1980,6
2022-06-27,The Passenger,2021,6
2022-06-25,Jurassic World Dominion,2022,6
2022-06-21,Ladyhawke,1985,6
2022-06-12,Tremors,1990,8
2022-06-11,Men,2022,8
2022-06-09,The Cellar,2022,4
2022-06-07,Underwater,2020,8
2022-06-06,The Town That Dreaded Sundown,1976,6
2022-06-03,Bluebeard,1944,6
2022-05-30,Deep Rising,1998,8
2022-05-26,The Shawshank Redemption,1994,10
2022-05-26,Intruder,1989,6
2022-05-25,Scarlet Street,1945,7
2022-05-23,Everything Everywhere All at Once,2022,9
2022-05-22,Switchblade Sisters,1975,7
2022-05-22,Eddie,1996,5
2022-05-21,Metal Lords,2022,6
2022-05-17,The Mutilator,1984,5
2022-05-12,Killer Klowns from Outer Space,1988,6
2022-05-09,Doctor Strange in the Multiverse of Madness,2022,8
2022-05-08,Doctor Strange in the Multiverse of Madness,2022,8
2022-05-06,Interstellar,2014,9
2022-05-04,Constantine,2005,7
2022-05-02,Popcorn,1991,7
2022-05-01,Choose or Die,2022,7
2022-04-26,The Cursed,2021,7
2022-04-24,Sonic the Hedgehog 2,2022,7
2022-04-23,Fantastic Beasts: The Secrets of Dumbledore,2022,5
2022-04-21,The Dead Are Alive,1972,5
2022-04-20,The Pit and the Pendulum,1991,6
2022-04-18,Offseason,2021,5
2022-04-16,The Northman,2022,7
2022-04-13,Horror Express,1972,8
2022-04-12,Suicide Forest Village,2021,6
2022-04-11,Black Magic,1949,7
2022-04-10,Turning Red,2022,8
2022-03-31,The Sentinel,1977,7
2022-03-30,The Brides of Dracula,1960,6
2022-03-28,X,2022,6
2022-03-25,CODA,2021,6
2022-03-22,The Seed,2021,6
2022-03-21,Dead of Night,1945,7
2022-03-20,The Batman,2022,8
2022-03-18,Studio 666,2022,7
2022-03-17,Witch from Nepal,1986,4
2022-03-17,L.A. Confidential,1997,8
2022-03-16,Rebecca,1940,8
2022-03-15,They Live in the Grey,2022,5
2022-03-12,Event Horizon,1997,8
2022-03-08,Graveyard Shift,1990,5
2022-03-06,Isle of the Dead,1945,7
2022-03-05,Uncharted,2022,6
2022-03-01,Supernova,2000,3
2022-02-28,Hellbender,2021,7
2022-02-27,Death on the Nile,2022,6
2022-02-25,West Side Story,2021,6
2022-02-24,Amsterdamned,1988,5
2022-02-23,The Mutations,1974,7
2022-02-19,Texas Chainsaw Massacre,2022,6
2022-02-18,Encanto,2021,7
2022-02-17,The Spiral Staircase,1946,9
2022-02-16,My Bloody Valentine,1981,8
2022-02-14,Moonfall,2022,5
2022-02-11,The Power of the Dog,2021,7
2022-02-11,The Seventh Curse,1986,6
2022-02-10,Altered States,1980,8
2022-02-07,Slapface,2021,6
2022-02-05,Ghostbusters,2016,7
2022-02-03,The Last Thing Mary Saw,2021,6
2022-02-01,Return of the Fly,1959,6
2022-01-30,The House,2022,7
2022-01-30,The Devils,1971,9
2022-01-28,The Harder They Fall,2021,8
2022-01-27,Scream,2022,5
2022-01-26,Living Skeleton,1968,6
2022-01-24,Nightmare Alley,2021,8
2022-01-23,Belfast,2021,8
2022-01-22,Broadcast Signal Intrusion,2021,7
2022-01-20,Last Night in Soho,2021,7
2022-01-18,Knocking,2021,6
2022-01-16,The Power,2021,6
2022-01-14,Four Flies on Grey Velvet,1971,6
2022-01-12,Blood Red Sky,2021,6
2022-01-11,Saint Maud,2019,8
2022-01-08,The Vigil,2019,7
2022-01-08,The Boy Behind The Door,2020,5
2022-01-07,Deep Red,1975,7
2022-01-05,No One Gets Out Alive,2021,6
2022-01-04,Roh,2019,7
2022-01-03,Paranormal Activity: Next of Kin,2021,6
2022-01-02,Teddy,2020,5
2022-01-01,Come True,2020,7
2021-12-30,Silent Night,2021,7
2021-12-30,Shang-Chi and the Legend of the Ten Rings,2021,7
2021-12-29,The King's Man,2021,6
2021-12-28,The Spine of Night,2021,6
2021-12-27,Deep Red,1975,7
2021-12-27,Don't Look Up,2021,7
2021-12-26,Encanto,2021,7
2021-12-24,Madres,2021,5
2021-12-23,Cruella,2021,7
2021-12-23,Lady Snowblood,1973,7
2021-12-22,The Matrix Resurrections,2021,5
2021-12-19,Spider-Man: No Way Home,2021,8
2021-12-19,Bingo Hell,2021,5
2021-12-19,The French Dispatch,2021,8
2021-12-13,Black Friday,2021,5
2021-12-12,Anna and the Apocalypse,2017,6
2021-12-12,Harry Potter and the Deathly Hallows: Part 2,2011,8
2021-12-12,Harry Potter and the Deathly Hallows: Part 1,2010,8
2021-12-08,The Day of the Triffids,1963,6
2021-12-06,Honeydew,2020,7
2021-12-04,The Whole Truth,2021,5
2021-11-30,V/H/S/94,2021,6
2021-11-22,Ghostbusters: Afterlife,2021,7
2021-11-18,The Night,2020,5
2021-11-16,Kingdom of the Spiders,1977,4
2021-11-15,Eternals,2021,6
2021-11-14,Spencer,2021,8
2021-11-13,Army of Thieves,2021,7
2021-11-11,Johan,2021,4
2021-11-09,Halloween II,2009,6
2021-11-08,Superstition,1982,6
2021-11-04,Antlers,2021,6
2021-11-02,Mad God,2021,7
2021-11-01,The Dead Zone,1983,7
2021-10-30,Harry Potter and the Philosopher's Stone,2001,8
2021-10-28,The Mother Tree,1958,7
2021-10-27,The Living Idol,1957,5
2021-10-26,The Bad Seed,1956,8
2021-10-25,Halloween Kills,2021,6
2021-10-22,Diabolique,1955,8
2021-10-20,The Wasp Woman,1959,5
2021-10-20,The Mummy,1959,6
2021-10-18,Dune,2021,9
2021-10-16,No Time to Die,2021,8
2021-10-15,Scarecrows,1988,5
2021-10-15,Vampyros Lesbos,1971,5
2021-10-13,The Night of the Hunter,1955,9
2021-10-12,There's Someone Inside Your House,2021,8
2021-10-08,X the Unknown,1956,7
2021-10-04,Rush Hour,1998,5
2021-10-03,Nightbooks,2021,6
2021-10-01,The Black Sleep,1956,7
2021-09-28,Screamers,1995,6
2021-09-22,The Vampire,1957,3
2021-09-19,Shang-Chi and the Legend of the Ten Rings,2021,7
2021-09-14,Killer Workout,1987,5
2021-09-10,Malignant,2021,7
2021-09-09,Ocean's Eleven,2001,10
2021-09-09,Dementia,1955,7
2021-09-09,Death Spa,1988,6
2021-09-09,Caveat,2020,5
2021-09-07,Candyman,2021,7
2021-09-06,Evilspeak,1981,5
2021-08-29,Free Guy,2021,6
2021-08-27,The Hound of the Baskervilles,1959,7
2021-08-24,Curse of the Undead,1959,6
2021-08-21,The Night House,2020,6
2021-08-18,Censor,2021,7
2021-08-13,The Godfather,1972,9
2021-08-12,Fiend Without a Face,1958,6
2021-08-11,Solomon Kane,2009,4
2021-08-10,Cujo,1983,6
2021-08-05,Invasion of the Body Snatchers,1956,7
2021-08-03,Kandisha,2020,5
2021-08-01,The Suicide Squad,2021,8
2021-08-01,RoboCop,1987,8
2021-07-31,Jakob's Wife,2021,7
2021-07-29,The Prowler,1981,5
2021-07-27,Benny Loves You,2019,6
2021-07-26,The Last Matinee,2020,7
2021-07-25,Children of the Corn,1984,6
2021-07-19,Suspiria,1977,8
2021-07-19,Luca,2021,7
2021-07-18,Fear Street: 1666,2021,5
2021-07-18,Fear Street: 1978,2021,7
2021-07-15,Fear Street: 1994,2021,7
2021-07-15,Werewolves Within,2021,8
2021-07-15,Black Widow,2021,6
2021-07-14,Vicious Fun,2020,6
2021-07-05,Tokyo: The Last Megalopolis,1988,5
2021-07-03,Dead & Buried,1981,7
2021-07-01,Lumberjack Man,2015,3
2021-06-30,Pulgasari,1985,4
2021-06-28,White Fire,1984,5
2021-06-26,F9,2021,7
2021-06-24,DodgeBall: A True Underdog Story,2004,5
2021-06-22,The Wolf House,2018,8
2021-06-22,Superdeep,2020,5
2021-06-18,Friends: The Reunion,2021,7
2021-06-18,Aquarium of the Dead,2021,2
2021-06-14,The Green Slime,1968,6
2021-06-11,A Quiet Place Part II,2020,7
2021-06-08,Roar,1981,5
2021-06-06,The Resurrected,1991,7
2021-05-31,The Conjuring: The Devil Made Me Do It,2021,6
2021-05-31,Demon Slayer -Kimetsu no Yaiba- The Movie: Mugen Train,2020,8
2021-05-27,Army of the Dead,2021,5
2021-05-22,The Pond,2021,4
2021-05-21,Alucarda,1977,7
2021-05-16,Coming Soon,2008,6
2021-05-14,Haunted School,1995,5
2021-05-13,Galaxy Quest,1999,7
2021-05-10,Attack of the Demons,2019,2
2021-05-10,Prince of Darkness,1987,8
2021-05-05,Boys from County Hell,2020,6
2021-05-05,The Mitchells vs. the Machines,2021,8
2021-05-04,The Oily Maniac,1976,5
2021-04-28,Inseminoid,1981,5
2021-04-25,Son,2021,6
2021-04-20,Bloodsucking Freaks,1976,5
2021-04-13,The Toxic Avenger,1984,8
2021-04-13,The Trial of the Chicago 7,2020,8
2021-04-10,Palm Springs,2020,7
2021-04-10,The Gentlemen,2019,8
2021-04-09,Isolation,2005,6
2021-04-07,Godzilla vs. Kong,2021,6
2021-04-06,Tourist Trap,1979,7
2021-04-05,Ant-Man and the Wasp,2018,6
2021-04-03,Psychos in Love,1987,6
2021-04-02,Slaxx,2020,5
2021-03-30,Pumpkinhead,1988,5
2021-03-29,The Wanting Mare,2020,6
2021-03-24,The Miracle Fighters,1982,6
2021-03-21,Dracula,1958,7
2021-03-17,Sator,2019,8
2021-03-16,Booksmart,2019,7
2021-03-15,Raya and the Last Dragon,2021,8
2021-03-10,Horror Rises from the Tomb,1973,4
2021-03-09,Street Fighter,1994,6
2021-03-09,The Mighty Ducks,1992,7
2021-03-03,Kill Bill: Vol. 2,2004,10
2021-02-24,The Reckoning,2020,5
2021-02-22,Cemetery Man,1994,6
2021-02-16,Ninja III: The Domination,1984,5
2021-02-13,"Ghidorah, the Three-Headed Monster",1964,7
2021-02-10,Kill Bill: Vol. 1,2003,10
2021-02-09,All My Friends Are Dead,2020,3
2021-02-07,Space Sweepers,2021,7
2021-02-04,The Driller Killer,1979,6
2021-01-28,I'm Thinking of Ending Things,2020,7
2021-01-23,Skull: The Mask,2020,4
2021-01-23,PG: Psycho Goreman,2020,7
2021-01-19,Rent-A-Pal,2020,6
2021-01-14,The Owners,2020,6
2021-01-13,Promising Young Woman,2020,8
2021-01-12,The Call,2020,7
2021-01-11,Spare Parts,2020,4
2021-01-10,The Lighthouse,2019,9
2021-01-10,The Empty Man,2020,6
2021-01-08,Why Don't You Just Die!,2018,8
2021-01-07,The Wolf of Snow Hollow,2020,8
2021-01-06,The Dark and the Wicked,2020,6
2021-01-05,Hunter Hunter,2020,6
2021-01-04,The Queen of Black Magic,2019,7
2021-01-04,The Fly II,1989,6
2021-01-04,Soul,2020,8
2021-01-03,Hell Night,1981,4
2021-01-02,Gretel & Hansel,2020,7
2021-01-02,The Bloodhound,2020,6
2021-01-01,Shortcut,2020,5
2021-01-01,The Beyond,1981,7
2020-12-28,Christmas Evil,1980,7
2020-12-27,Avengers: Endgame,2019,8
2020-12-23,Don't Listen,2020,7
2020-12-23,The Pale Door,2020,4
2020-12-21,Detention,2019,7
2020-12-20,Come Play,2020,6
2020-12-09,La Llorona,2019,8
2020-12-07,Anything for Jackson,2020,7
2020-12-04,Lingering,2020,5
2020-12-02,Vampires vs. the Bronx,2020,6
2020-12-01,Relic,2020,7
2020-11-28,Run,2020,6
2020-11-24,Scare Me,2020,7
2020-11-22,Waxwork,1988,5
2020-11-21,His House,2020,8
2020-11-20,City of the Living Dead,1980,6
2020-11-19,Random Acts of Violence,2019,5
2020-11-17,Blood Vessel,2019,5
2020-11-15,The Church,1989,6
2020-11-11,Ghostwatch,1992,8
2020-11-10,12 Hour Shift,2020,5
2020-11-06,Nobody Sleeps in the Woods Tonight,2020,4
2020-11-03,Split Second,1992,4
2020-11-02,Baba Yaga: Terror of the Dark Forest,2020,5
2020-10-30,Jigoku,1960,7
2020-10-30,Ocean's Eight,2018,5
2020-10-29,Spider Baby,1967,5
2020-10-28,Koko-di Koko-da,2019,6
2020-10-27,Love and Monsters,2020,7
2020-10-24,The Mortuary Collection,2019,7
2020-10-23,Rosemary's Baby,1968,8
2020-10-12,The Curse of the Werewolf,1961,5
2020-10-11,Blood and Roses,1960,6
2020-10-10,Horrors of Malformed Men,1969,5
2020-10-09,Halloween: Resurrection,2002,2
2020-10-09,Night of the Eagle,1962,7
2020-10-08,The Birds,1963,8
2020-10-07,The Haunted Palace,1963,6
2020-10-07,Kwaidan,1964,8
2020-10-06,Stalker,1979,7
2020-10-04,The New Mutants,2020,7
2020-10-04,Tenet,2020,6
2020-10-02,The Flesh and the Fiends,1960,8
2020-10-01,The Paramedic,2020,6
2020-09-27,Enola Holmes,2020,6
2020-09-19,The Babysitter: Killer Queen,2020,4
2020-09-17,Fearless Hyena,1979,5
2020-09-15,Sputnik,2020,6
2020-09-14,The Return of the Living Dead,1985,8
2020-09-13,Peeping Tom,1960,5
2020-09-06,Good Boys,2019,6
2020-09-06,Birds of Prey (and the Fantabulous Emancipation of One Harley Quinn),2020,7
2020-09-05,32 Malasana Street,2020,6
2020-09-04,Get Duked!,2019,7
2020-09-02,Onibaba,1964,8
2020-09-01,Uncle Peckerhead,2020,6
2020-08-31,One Missed Call,2003,7
2020-08-31,Splinter,2008,7
2020-08-28,The Shining,1980,8
2020-08-26,Stuber,2019,6
2020-08-25,Doctor Sleep,2019,6
2020-08-17,The Curse of Frankenstein,1957,6
2020-08-10,The Mummy,1999,8
2020-08-09,The 8 Diagram Pole Fighter,1984,6
2020-08-01,Amulet,2020,6
2020-07-30,Impetigore,2019,7
2020-07-28,Blood Games,1990,6
2020-07-25,Once Upon a Time... in Hollywood,2019,8
2020-07-24,The Disaster Artist,2017,6
2020-07-23,The Beach House,2019,5
2020-07-20,Lake of Death,2019,5
2020-07-18,Jumanji: The Next Level,2019,6
2020-07-17,Class Act,1992,5
2020-07-16,Beyond the Door,1974,6
2020-07-11,Yummy,2019,5
2020-07-09,The Physician,2013,7
2020-07-08,The Burning Buddha Man,2013,5
2020-07-04,Who Can Kill a Child?,1976,8
2020-07-02,Warlock,1989,6
2020-07-01,The Jungle Book,1994,5
2020-06-30,Blood and Black Lace,1964,7
2020-06-29,My Scientology Movie,2015,6
2020-06-28,Eurovision Song Contest: The Story of Fire Saga,2020,6
2020-06-26,The Assent,2019,6
2020-06-22,Feel the Beat,2020,5
2020-06-22,Two Heads Creek,2019,7
2020-06-20,Warning: Do Not Play,2019,5
2020-06-19,Scare Package,2019,6
2020-06-17,Blood Feast,1963,5
2020-06-16,3 Men and a Little Lady,1990,5
2020-06-15,3 Men and a Baby,1987,6
2020-06-15,Rope,1948,8
2020-06-09,Blood & Flesh: The Reel Life & Ghastly Death of Al Adamson,2019,7
2020-06-08,I Bought a Vampire Motorcycle,1990,6
2020-06-05,The Addams Family,2019,5
2020-06-04,Jesus Shows You the Way to the Highway,2019,8
2020-06-04,Bloodshot,2020,5
2020-06-03,Sea Fever,2019,7
2020-06-01,The Innocents,1961,9
2020-06-01,Captain Kronos: Vampire Hunter,1974,5
2020-05-28,In Between Loves,1989,6
2020-05-26,"Exorcism at 60,000 Feet",2019,3
2020-05-25,Blood Machines,2019,7
2020-05-25,Bacurau,2019,7
2020-05-23,Blade Runner,1982,9
2020-05-21,Shazam!,2019,7
2020-05-19,Captain America: The First Avenger,2011,8
2020-05-18,Monstrum,2018,5
2020-05-17,Doctor Strange,2016,8
2020-05-14,You Die,2018,3
2020-05-13,Porno,2019,3
2020-05-11,Halloween H20: 20 Years Later,1998,7
2020-05-08,Justice League Dark: Apokolips War,2020,5
2020-05-07,Trumbo,2015,7
2020-05-06,Viy,1967,7
2020-05-05,Catcalls,2017,6
2020-05-05,Dogora,1964,5
2020-05-03,The House by the Cemetery,1981,5
2020-04-30,Blood Quantum,2019,6
2020-04-29,Knives and Skin,2019,5
2020-04-26,Robot Jox,1989,6
2020-04-25,The Willoughbys,2020,6
2020-04-22,Flesh + Blood,1985,7
2020-04-19,Misbehaviour,2020,7
2020-04-19,Sonic the Hedgehog,2020,6
2020-04-18,It's Alive III: Island of the Alive,1987,5
2020-04-18,Beetlejuice,1988,7
2020-04-18,Verotika,2019,1
2020-04-13,It Lives Again,1978,4
2020-04-10,Togo,2019,7
2020-04-09,Color Out of Space,2019,6
2020-04-07,All the Colors of the Dark,1972,7
2020-04-06,Climax,2018,5
2020-04-05,Big Hero 6,2014,8
2020-04-05,The Hunt,2020,6
2020-04-04,Torso,1973,7
2020-04-01,Return to Oz,1985,7
2020-03-30,Black Panther,2018,7
2020-03-30,Vivarium,2019,8
2020-03-29,Underwater,2020,7
2020-03-28,VFW,2019,6
2020-03-27,Bedknobs and Broomsticks,1971,6
2020-03-26,From Beyond the Grave,1974,6
2020-03-24,Endless Night,1972,6
2020-03-21,Needful Things,1993,5
2020-03-18,Bad Taste,1987,8
2020-03-14,Return to the 36th Chamber,1980,6
2020-03-07,Candyman: Farewell to the Flesh,1995,5
2020-03-06,Guns Akimbo,2019,6
2020-03-04,The Invisible Man,2020,7
2020-03-03,Battle Royale II: Requiem,2003,2
2020-03-01,Birds of Prey (and the Fantabulous Emancipation of One Harley Quinn),2020,7
2020-02-28,Candyman,1992,8
2020-02-21,Amélie,2001,9
2020-02-21,Brahms: The Boy II,2020,3
2020-02-20,Bad Boys for Life,2020,6
2020-02-18,Battle Royale,2000,7
2020-02-17,Dragon Quest: Your Story,2019,7
2020-02-15,Parasite,2019,9
2020-02-15,Shadow,2018,7
2020-02-11,Creature from the Black Lagoon,1954,7
2020-02-09,1917,2019,5
2020-02-08,The Chronicles of Riddick,2004,7
2020-02-02,Tammy and the T-Rex,1994,6
2020-02-02,Little Women,2019,8
2020-02-02,The Grudge,2019,5
2020-01-26,The Gentlemen,2019,8
2020-01-26,Burnt Offerings,1976,7
2020-01-25,Black and Blue,2019,5
2020-01-23,Sequence Break,2017,5
2020-01-22,The Killer of Dolls,1975,6
2020-01-20,Wonder Woman,2017,7
2020-01-16,Parasite,2019,9
2020-01-16,The Devil Rides Out,1968,7
2020-01-14,Ford v Ferrari,2019,8
2020-01-13,Belzebuth,2017,6
2020-01-12,Hellboy,2019,5
2020-01-11,GANTZ:O,2016,6
2020-01-07,The Golden Glove,2019,7
2020-01-06,Antrum,2018,6
2020-01-05,Harpoon,2019,7
2020-01-04,Piercing,2018,7
2020-01-03,Jojo Rabbit,2019,8
2020-01-02,Villains,2019,6
2020-01-02,Extra Ordinary,2019,7
2019-12-30,Finding Dory,2016,8
2019-12-29,Butterfly Kisses,2018,6
2019-12-26,Ratatouille,2007,8
2019-12-19,Star Wars: The Last Jedi,2017,7
2019-12-19,Star Wars: The Force Awakens,2015,8
2019-12-18,Sweetheart,2019,7
2019-12-17,Hot Rod,2007,5
2019-12-16,Black Christmas,2019,3
2019-12-15,Knives Out,2019,8
2019-12-15,Hail Satan?,2019,5
2019-12-12,In the Tall Grass,2019,7
2019-12-12,Wounds,2019,7
2019-12-10,Iron Fists and Kung Fu Kicks,2019,7
2019-12-06,Gremlins,1984,9
2019-11-22,Halloween: The Curse of Michael Myers,1995,4
2019-11-19,Hostage Radio,2019,7
2019-11-17,Eli,2019,6
2019-11-16,Haunt,2019,6
2019-11-13,Dolemite Is My Name,2019,7
2019-11-10,Nekrotronic,2018,4
2019-11-06,A Chinese Ghost Story,1987,7
2019-11-03,Terminator: Dark Fate,2019,5
2019-11-03,Bliss,2019,7
2019-11-02,Doctor Sleep,2019,5
2019-10-28,Overlord,2018,7
2019-10-25,The Legend of Hell House,1973,7
2019-10-24,The Child,1977,2
2019-10-22,Don't Look Now,1973,7
2019-10-22,The Blood on Satan's Claw,1971,7
2019-10-21,Who Can Kill a Child?,1976,8
2019-10-18,Prince of Darkness,1987,7
2019-10-18,They Live,1988,6
2019-10-18,Big Trouble in Little China,1986,7
2019-10-18,The Thing,1982,10
2019-10-18,Escape from New York,1981,8
2019-10-18,The Fog,1980,8
2019-10-17,Luz,2018,9
2019-10-17,Strange Behavior,1981,4
2019-10-14,The Furies,2019,5
2019-10-13,Joker,2019,7
2019-10-12,The Banana Splits Movie,2019,4
2019-10-11,Little Monsters,2019,6
2019-10-09,One Cut of the Dead,2017,9
2019-10-07,Mars Attacks!,1996,7
2019-10-04,Knife+Heart,2018,8
2019-10-03,Anacondas: The Hunt for the Blood Orchid,2004,4
2019-09-28,Ready or Not,2019,7
2019-09-24,Horror Noire: A History of Black Horror,2019,8
2019-09-19,In Fabric,2018,8
2019-09-17,The Dead Don't Die,2019,5
2019-09-07,Satanic Panic,2019,5
2019-09-06,It Chapter Two,2019,5
2019-09-03,Tone-Deaf,2019,7
2019-09-01,The Nameless,1999,8
2019-08-31,Willard,1971,7
2019-08-31,Legion,2010,5
2019-08-29,Night of the Creeps,1986,6
2019-08-24,Crawl,2019,6
2019-08-23,The Fugitive,1993,8
2019-08-23,Scary Stories to Tell in the Dark,2019,6
2019-08-21,Perfect Blue: Yume Nara Samete,2002,5
2019-08-19,Perfect Blue,1997,9
2019-08-18,The Ranger,2018,2
2019-08-17,Once Upon a Time... in Hollywood,2019,8
2019-08-14,Phantom of the Opera,1943,6
2019-08-13,Iron Sky: The Coming Race,2019,6
2019-08-11,Phantom of the Paradise,1974,7
2019-08-11,Transformers: The Last Knight,2017,3
2019-08-07,Head Count,2018,7
2019-08-06,Nightmare Cinema,2018,5
2019-08-05,King Arthur: Legend of the Sword,2017,5
2019-08-04,Prisoners,2013,9
2019-08-04,House,1985,7
2019-08-04,Hanna,2011,7
2019-08-01,Fast & Furious Presents: Hobbs & Shaw,2019,6
2019-08-01,Terrifier,2016,4
2019-07-13,Fighting with My Family,2019,8
2019-07-13,The Raid 2,2014,8
2019-07-08,Spider-Man: Far From Home,2019,7
2019-07-07,Toy Story 4,2019,8
2019-07-06,The Mask of Zorro,1998,6
2019-07-05,The Raid,2011,7
2019-07-03,Midsommar,2019,8
2019-07-01,I Am Mother,2019,7
2019-07-01,Machete Maidens Unleashed!,2010,8
2019-06-25,Child's Play,2019,6
2019-06-16,Always Be My Maybe,2019,5
2019-06-15,The Blob,1988,7
2019-06-15,Svaha: The Sixth Finger,2019,7
2019-06-15,Taxi,1998,7
2019-06-08,The Perfection,2018,6
2019-06-02,Godzilla: King of the Monsters,2019,7
2019-06-01,Aladdin,2019,5
2019-05-26,The Secret Life of Pets 2,2019,6
2019-05-23,Halloween 5: The Revenge of Michael Myers,1989,5
2019-05-20,Happy Death Day 2U,2019,5
2019-05-20,Pokémon Detective Pikachu,2019,6
2019-05-18,Batman,1989,8
2019-05-18,Long Shot,2019,7
2019-05-17,A Silent Voice: The Movie,2016,8
2019-05-16,The Convent,2018,5
2019-05-12,"Extremely Wicked, Shockingly Evil and Vile",2019,5
2019-05-11,The Curse of La Llorona,2019,4
2019-05-10,Deep Blue Sea,1999,7
2019-05-08,I Trapped the Devil,2019,7
2019-05-07,The Wandering Earth,2019,6
2019-05-06,Jack Reacher: Never Go Back,2016,5
2019-05-05,Avengers: Endgame,2019,8
2019-05-05,The Nun,2018,5
2019-05-05,Pet Graveyard,2019,1
2019-04-28,The Field Guide to Evil,2018,6
2019-04-28,Escape Room,2019,5
2019-04-27,Tomb Raider,2018,6
2019-04-26,Unearthed & Untold: The Path to Pet Sematary,2017,7
2019-04-26,Suicide Squad,2016,5
2019-04-24,Heavy Trip,2018,6
2019-04-22,The Silence,2019,4
2019-04-19,Errementari: The Blacksmith and the Devil,2017,8
2019-04-17,Sidetracked,2015,7
2019-04-17,Ghost in the Shell,2017,5
2019-04-14,Dumbo,2019,6
2019-04-14,Pet Sematary,1989,7
2019-04-10,Pet Sematary,2019,5
2019-04-04,Body Melt,1993,5
2019-03-26,The Dirt,2019,5
2019-03-22,Us,2019,8
2019-03-18,GoodFellas,1990,9
2019-03-17,Return to... Return to Nuke 'Em High aka Vol. 2,2017,6
2019-03-17,Class of Nuke 'Em High,1986,5
2019-03-17,Necronomicon,1993,7
2019-03-16,Captain Marvel,2019,6
2019-03-13,American Assassin,2017,6
2019-03-10,Ready Player One,2018,6
2019-03-09,Picnic at Hanging Rock,1975,8
2019-03-08,Alita: Battle Angel,2019,8
2019-03-06,Riddick,2013,7
2019-03-03,Hardcore Henry,2015,7
2019-03-03,Roma,2018,9
2019-03-02,Alien,1979,10
2019-02-28,The Bird with the Crystal Plumage,1970,6
2019-02-27,The Lego Movie 2: The Second Part,2019,7
2019-02-26,The Lego Movie,2014,9
2019-02-25,Green Book,2018,7
2019-02-25,Bohemian Rhapsody,2018,6
2019-02-24,The World of Kanako,2014,8
2019-02-24,Polar,2019,5
2019-02-23,Spider-Man: Into the Spider-Verse,2018,8
2019-02-22,Velvet Buzzsaw,2019,5
2019-02-22,How to Train Your Dragon: The Hidden World,2019,6
2019-02-13,The Wolf Man,1941,6
2019-02-12,The Matrix,1999,9
2019-02-11,Blade Runner 2049,2017,8
2019-02-09,Murder Party,2007,6
2019-02-05,Searching,2018,7
2019-02-03,Suspiria,2018,8
2019-02-02,The Night Eats the World,2018,7
2019-01-30,Await Further Instructions,2018,7
2019-01-27,May the Devil Take You,2018,7
2019-01-26,Voodoo Apocalypse,2018,7
2019-01-25,Blade Runner,1982,9
2019-01-12,Terrified,2017,7
2019-01-11,The Predator,2018,5
2019-01-09,You Might Be the Killer,2018,6
2019-01-06,Halloween,2018,7
2019-01-06,Satan's Slaves,2017,6
2019-01-04,Errementari: The Blacksmith and the Devil,2017,8
2019-01-03,Unsane,2018,7
2018-12-26,Xtro,1982,5
2018-12-22,Aquaman,2018,6
2018-12-10,The Autopsy of Jane Doe,2016,7
2018-12-08,Dial Code Santa Claus,1989,8
2018-12-08,"Alice, Sweet Alice",1976,7
2018-12-06,Malevolent,2018,5
2018-12-05,Mandy,2018,9
2018-12-03,Cam,2018,7
2018-12-02,Fantastic Beasts: The Crimes of Grindelwald,2018,5
2018-12-01,Halloween 4: The Return of Michael Myers,1988,6
2018-12-01,Possum,2018,9
2018-11-30,Trench 11,2017,4
2018-11-24,Mission: Impossible – Fallout,2018,5
2018-11-10,The Red Queen Kills Seven Times,1972,7
2018-11-05,The Meg,2018,5
2018-11-04,Spirited Away,2001,10
2018-10-20,The Night Comes for Us,2018,6
2018-10-16,Let the Corpses Tan,2017,8
2018-10-11,Apostle,2018,6
2018-10-10,Ant-Man and the Wasp,2018,6
2018-10-02,Hereditary,2018,9
2018-09-30,Dead Night,2017,4
2018-09-27,Batman Ninja,2018,2
2018-09-23,Puppet Master,1989,6
2018-09-21,Incredibles 2,2018,7
2018-09-20,The Gift,2015,6
2018-09-19,King Cohen,2017,7
2018-09-17,Rogue One: A Star Wars Story,2016,8
2018-09-16,Thor: Ragnarok,2017,7
2018-09-15,Justice League,2017,5
2018-09-13,Rawhead Rex,1986,4
2018-09-13,The Aviator,2004,7
2018-09-11,The After Party,2018,5
2018-09-11,Lupin the Third: The Castle of Cagliostro,1979,7
2018-09-10,Upgrade,2018,7
2018-09-10,Jurassic World: Fallen Kingdom,2018,6
2018-09-09,It's Alive,1974,8
2018-09-05,Sleepaway Camp,1983,6
2018-09-02,Summer of 84,2018,6
2018-09-01,Se7en,1995,9
2018-08-27,Puppet Master: The Littlest Reich,2018,2
2018-08-24,Arachnophobia,1990,7
2018-08-21,Harry Potter and the Goblet of Fire,2005,6
2018-08-18,Harry Potter and the Prisoner of Azkaban,2004,8
2018-08-14,Matango,1963,7
2018-08-12,A Bucket of Blood,1959,6
2018-08-10,Color Me Blood Red,1965,6
2018-08-08,Tau,2018,5
2018-08-06,68 Kill,2017,7
2018-08-05,Fantastic Beasts and Where to Find Them,2016,7
2018-08-01,Rampage,2018,6
2018-07-23,Another WolfCop,2016,3
2018-07-22,Cargo,2017,6
2018-07-20,Bride of Frankenstein,1935,9
2018-07-16,Jumanji: Welcome to the Jungle,2017,6
2018-07-14,Kill List,2011,7
2018-07-14,Winchester,2018,5
2018-07-06,Ghostland,2018,6
2018-07-05,The Endless,2017,6
2018-07-02,Solo: A Star Wars Story,2018,7
2018-07-02,Deadpool 2,2018,8
2018-07-01,Digital Devil Story - Megami Tensei,1987,5
2018-07-01,Halloween III: Season of the Witch,1982,7
2018-06-24,Ginger Snaps,2000,7
2018-06-19,Street Trash,1987,7
2018-06-18,Avengers: Infinity War,2018,9
2018-06-14,How High,2001,5
2018-06-11,The Little Rascals,1994,6
2018-06-10,There Will Be Blood,2007,10
2018-06-09,We Are Pregnant,2016,5
2018-06-08,A Quiet Place,2018,8
2018-06-02,Dead Shack,2017,6
2018-06-01,Straight Outta Compton,2015,8
2018-05-31,The Edge of Seventeen,2016,6
2018-05-26,Invaders from Mars,1986,5
2018-05-22,Don't Torture a Duckling,1972,8
2018-05-19,The Ritual,2017,8
2018-05-15,Black Panther,2018,7
2018-05-13,How to Train Your Dragon,2010,9
2018-05-11,Lake Placid,1999,7
2018-05-06,Night of the Living Dead,1968,9
2018-05-03,7 Guardians of the Tomb,2018,2
2018-04-30,Ravenous,2017,5
2018-04-26,Night of the Demon,1957,8
2018-04-23,Tragedy Girls,2017,5
2018-04-20,Coco,2017,8
2018-04-18,Misery,1990,9
2018-04-15,Mom and Dad,2017,7
2018-04-15,Indiana Jones and the Last Crusade,1989,10
2018-04-14,Raiders of the Lost Ark,1981,10
2018-04-13,Rurouni Kenshin Part I: Origins,2012,8
2018-04-07,Jaws,1975,10
2018-04-07,Annihilation,2018,8
2018-04-07,The Villainess,2017,7
2018-04-01,The Thing,2011,6
2018-03-31,The Thing,1982,10
2018-03-30,Interstellar,2014,9
2018-03-06,Dude Bro Party Massacre III,2015,7
2018-03-03,8 Mile,2002,7
2018-02-23,Shrooms,2007,1
2018-02-23,You're Next,2011,7
2018-02-20,Let Us Prey,2014,6
2018-02-10,A Futile and Stupid Gesture,2018,8
2018-02-05,Star Wars: The Last Jedi,2017,7
2018-02-04,1922,2017,6
2018-02-03,Mon Mon Mon Monsters,2017,7
2018-02-02,It Stains the Sands Red,2016,6
2018-01-26,The Transfiguration,2016,7
2018-01-24,Hounds of Love,2016,7
2018-01-23,Female Prisoner Scorpion: #701,1972,6
2018-01-22,Raw,2016,7
2018-01-20,Your Name.,2016,7
2018-01-12,Happy Death Day,2017,7
2018-01-11,Mayhem,2017,7
2018-01-07,The Librarian: Quest for the Spear,2004,4
2018-01-06,The Nail Gun Massacre,1985,5
2018-01-04,Tonight She Comes,2016,1
2018-01-01,Baby Driver,2017,7
2018-01-01,Logan,2017,9
2017-12-29,The Wailing,2016,9
2017-12-22,Stargate,1994,6
2017-12-21,Chef,2014,8
2017-12-20,Get Out,2017,8
2017-12-20,Gerald's Game,2017,8
2017-12-19,Thor: Ragnarok,2017,7
2017-12-19,The Void,2016,6
2017-12-18,Doctor Strange,2016,8
2017-12-18,Incubus,1966,8
2017-12-16,Star Wars: The Force Awakens,2015,8
2017-12-15,Dig Two Graves,2014,5
2017-12-11,La La Land,2016,8
2017-12-09,I Don't Feel at Home in This World Anymore,2017,7
2017-12-07,The Martian,2015,9
2017-12-05,Annabelle: Creation,2017,5
2017-12-04,Evil Ed,1995,6
2017-12-01,Frankenstein Created Woman,1967,6
2017-11-30,House on Haunted Hill,1999,6
2017-11-30,Day of the Dead,1985,8
2017-11-23,Kill Bill: Vol. 2,2004,10
2017-11-22,Kill Bill: Vol. 1,2003,10
2017-11-21,Frozen,2013,8
2017-11-20,The Abyss,1989,8
2017-11-19,Little Evil,2017,5
2017-11-18,Paranormal Activity: The Ghost Dimension,2015,4
2017-11-16,The Babysitter,2017,7
2017-11-15,Be Cool,2005,2
2017-11-14,Get Shorty,1995,7
2017-11-11,Office,2015,6
2017-11-09,It Follows,2014,9
2017-10-18,Zombie Flesh Eaters,1979,5
2017-10-08,Society,1989,8
2017-10-05,Wonder Woman,2017,7
2017-10-01,The Invisible Man,1933,7
2017-09-29,Ocean's Thirteen,2007,6
2017-09-28,Ocean's Twelve,2004,8
2017-09-22,Kingsman: The Golden Circle,2017,6
2017-09-22,Spider-Man: Homecoming,2017,8
2017-09-15,Boys in the Trees,2016,6
2017-09-11,Ocean's Eleven,2001,10
2017-09-08,Valerian and the City of a Thousand Planets,2017,5
2017-09-08,Life,2017,7
2017-09-04,The Editor,2014,8
2017-09-02,The Young Offenders,2016,4
2017-08-30,Kong: Skull Island,2017,6
2017-08-24,Phoenix Forgotten,2017,6
2017-08-19,Contamination,1980,5
2017-08-14,From a House on Willow Street,2016,2
2017-08-11,Alien: Covenant,2017,5
2017-08-10,The Love Witch,2016,6
2017-08-06,Tango & Cash,1989,7
2017-08-03,Cropsey,2009,5
2017-08-01,The Burning,1981,6
2017-07-29,Everly,2014,7
2017-07-23,Big Fish,2003,8
2017-07-18,The Nest,1987,5
2017-07-16,The Devil's Candy,2015,6
2017-07-15,Drive,2011,8
2017-07-12,Resident Evil: Vendetta,2017,4
2017-07-09,A Cure for Wellness,2016,7
2017-07-09,Despicable Me,2010,7
2017-07-09,Minions,2015,6
2017-07-07,XX,2017,6
2017-07-05,Zip & Zap and the Captain's Island,2016,5
2017-07-02,Rumble in the Bronx,1995,7
2017-06-27,Pitch Perfect 2,2015,4
2017-06-25,Okja,2017,7
2017-06-25,Audition,1999,8
2017-06-21,The Howling,1981,6
2017-06-19,Piranha,1978,6
2017-06-16,John Wick: Chapter 2,2017,7
2017-06-13,Arrival,2016,8
2017-06-12,Star Trek Beyond,2016,6
2017-06-06,Split,2016,7
2017-06-03,Creepshow,1982,7
2017-06-02,The Fate of the Furious,2017,6
2017-06-01,Halloween II,1981,5
2017-05-30,Thief,1981,8
2017-05-28,Scream,1996,9
2017-05-17,Star Trek Into Darkness,2013,7
2017-05-14,The Witch,2015,9
2017-05-12,Dressed to Kill,1980,9
2017-05-05,Evil Dead,2013,8
2017-04-29,Central Intelligence,2016,4
2017-04-21,Roadgames,1981,8
2017-04-15,John Wick,2014,8
2017-04-13,The Neon Demon,2016,8
2017-04-10,Religulous,2008,6
2017-04-08,Gone in Sixty Seconds,2000,6
2017-04-08,Black Dynamite,2009,7
2017-04-05,Schindler's List,1993,8
2017-04-01,The Keep,1983,4
2017-03-26,Fantastic Beasts and Where to Find Them,2016,7
2017-03-25,Fright Night,1985,8
2017-03-22,Phase IV,1974,7
2017-03-20,The Mummy,1932,8
2017-03-08,Transformers: Age of Extinction,2014,5
2017-03-05,As the Gods Will,2014,6
2017-03-02,Ip Man,2008,6
2017-02-28,Star Wars,1977,10
2017-02-26,Star Wars: Episode III – Revenge of the Sith,2005,5
2017-02-21,King Kong,2005,7
2017-02-14,King Kong,1976,4
2017-02-13,The Lego Batman Movie,2017,7
2017-02-12,King Kong,1933,10
2017-01-31,Star Wars: Episode II – Attack of the Clones,2002,2
2017-01-27,10 Cloverfield Lane,2016,8
2017-01-23,Star Wars: Episode I – The Phantom Menace,1999,6
2017-01-21,Ouija: Origin of Evil,2016,6
2017-01-20,Alone in the Dark,1982,7
2017-01-16,The Wailing,2016,9
2017-01-13,Rogue One: A Star Wars Story,2016,8
2017-01-10,The Invitation,2015,8
2017-01-09,Trolls,2016,6
2017-01-08,They're Watching,2016,6
2017-01-08,Blair Witch,2016,4
2017-01-06,I Am Not a Serial Killer,2016,6
2017-01-04,The Shallows,2016,6
2016-12-30,Rare Exports: A Christmas Tale,2010,7
2016-12-28,The Forest,2016,4
2016-12-21,The Witch,2015,9
2016-12-21,The Greasy Strangler,2016,7
2016-12-18,Mad Max: Fury Road,2015,10
2016-12-15,Krampus,2015,7
2016-12-10,Train to Busan,2016,8
2016-12-07,Abattoir,2016,4
2016-12-06,Antibirth,2016,5
2016-12-04,WALL·E,2008,9
2016-12-03,I Spit on Your Grave,1978,6
2016-12-01,Forbidden Planet,1956,8
2016-11-30,Bad Moms,2016,5
2016-11-26,Riki-Oh: The Story of Ricky,1991,6
2016-11-26,Up in the Air,2009,8
2016-11-19,Midnight in Paris,2011,9
2016-11-16,The Boy,2016,7
2016-11-14,Lights Out,2013,7
2016-11-09,The Blair Witch Project,1999,6
2016-11-04,Doctor Strange,2016,8
2016-11-04,Kingsglaive: Final Fantasy XV,2016,7
2016-10-23,Don't Breathe,2016,8
2016-10-22,Jurassic World,2015,7
2016-10-18,Critters 4,1992,2
2016-10-16,Critters 3,1991,4
2016-10-15,Critters 2,1988,6
2016-10-13,Critters,1986,6
2016-10-11,Frankenstein,1931,7
2016-10-09,Hunt for the Wilderpeople,2016,8
2016-10-08,Ghostbusters,2016,6
2016-10-04,High Tension,2003,6
2016-10-02,Zootopia,2016,8
2016-10-01,Phenomena,1985,7
2016-09-30,31,2016,3
2016-09-29,Stage Fright,1987,6
2016-09-27,City of God,2002,8
2016-09-24,The Magnificent Seven,2016,5
2016-09-21,The Burning,1981,6
2016-09-19,Morgan,2016,6
2016-09-18,Teenage Mutant Ninja Turtles: Out of the Shadows,2016,6
2016-09-16,X-Men: Apocalypse,2016,5
2016-09-15,Pieces,1982,7
2016-09-14,Non-Stop,2014,6
2016-09-14,The Boss,2016,4
2016-09-12,Ant-Man,2015,8
2016-09-10,Deadpool,2016,8
2016-09-08,The Fog,1980,8
2016-09-06,Christine,1983,8
2016-09-05,Creepshow 2,1987,6
2016-09-05,Fudoh: The New Generation,1996,7
2016-09-04,Halloween,1978,9
2016-09-02,Starry Eyes,2014,7
2016-09-01,Battle Royale,2000,7
2016-08-19,Night of the Comet,1984,6
2016-08-15,Bastille Day,2016,5
2016-08-14,Popstar: Never Stop Never Stopping,2016,6
2016-08-13,Keanu,2016,7
2016-08-13,TerrorVision,1986,6
2016-08-12,Repo Man,1984,7
2016-08-10,Mr. Right,2015,6
2016-08-09,The Nice Guys,2016,7
2016-08-08,Ferris Bueller's Day Off,1986,5
2016-08-07,Victor Frankenstein,2015,5
2016-08-06,A Bay of Blood,1971,7
2016-08-04,Billy Elliot,2000,8
2016-08-02,The Other,1972,8
2016-08-01,Green Room,2015,8
2016-07-31,The 36th Chamber of Shaolin,1978,9
2016-07-30,Finding Dory,2016,8
2016-07-24,The Skin I Live In,2011,8
2016-07-23,Eyes Without a Face,1960,8
2016-07-04,For a Few Dollars More,1965,9
2016-07-01,Life Is Beautiful,1997,8
2016-06-25,The Conjuring 2,2016,7
2016-06-14,Dolls,1986,6
2016-06-05,The Curse,1987,4
2016-06-03,Thesis,1996,7
2016-05-22,The New York Ripper,1982,6
2016-05-07,Captain America: Civil War,2016,8
2016-04-20,Basket Case,1982,5
2016-04-15,Amélie,2001,9
2016-04-13,Batman Begins,2005,9
2016-04-10,First Blood,1982,8
2016-04-09,The Jungle Book,2016,7
2016-04-04,The Bourne Supremacy,2004,8
2016-04-03,The Bourne Identity,2002,8
2016-04-02,Lord of Illusions,1995,8
2016-04-01,The Exorcism of Emily Rose,2005,6
2016-04-01,The Color of Money,1986,8
2016-03-27,Back to the Future Part III,1990,8
2016-03-27,The Serpent and the Rainbow,1988,7
2016-03-26,Back to the Future Part II,1989,9
2016-03-26,Back to the Future,1985,10
2016-03-26,The Hateful Eight,2015,9
2016-03-25,The Hunger Games: Mockingjay – Part 2,2015,7
2016-03-15,Pride and Prejudice and Zombies,2016,4
2016-03-14,All the President's Men,1976,8
2016-03-03,Going Clear: Scientology and the Prison of Belief,2015,9
2016-03-01,Men in Black 3,2012,7
2016-02-28,Krampus,2015,6
2016-02-28,The Big Short,2015,6
2016-02-27,San Andreas,2015,5
2016-02-27,Rocky Balboa,2006,6
2016-02-26,The Wicker Man,1973,7
2016-02-25,Rocky V,1990,6
2016-02-24,Rocky IV,1985,6
2016-02-23,Rocky III,1982,7
2016-02-22,Rocky II,1979,7
2016-02-21,Spotlight,2015,9
2016-02-21,From Dusk Till Dawn,1996,10
2016-02-21,Sisters,2015,6
2016-02-21,Rocky,1976,9
2016-02-21,Clear and Present Danger,1994,8
2016-02-20,Ring 2,1999,5
2016-02-20,The Ring Two,2005,1
2016-02-19,The Ring,2002,8
2016-02-06,All Things Must Pass,2015,8
2016-02-05,Tales from the Darkside: The Movie,1990,6
2016-02-05,Trainwreck,2015,6
2016-02-04,Deadpool,2016,8
2016-02-04,Ride Along,2014,3
2016-02-03,Jack Brooks: Monster Slayer,2007,5
2016-01-31,Trumbo,2015,7
2016-01-31,Spy,2015,6
2016-01-30,Dead Silence,2007,5
2016-01-30,What We Do in the Shadows,2014,9
2016-01-30,Black Hawk Down,2001,9
2016-01-29,The Physician,2013,7
2016-01-29,Shaolin Soccer,2001,6
2016-01-28,Freaks of Nature,2015,6
2016-01-28,The Revenant,2015,8
2016-01-28,Kung Fu Hustle,2004,6
2016-01-25,The Sum of All Fears,2002,5
2016-01-25,Patriot Games,1992,7
2016-01-18,Ring,1998,7
2016-01-17,Jack Reacher,2012,8
2016-01-17,The Last Witch Hunter,2015,5
2016-01-16,Insidious: Chapter 3,2015,6
2016-01-10,We Are Still Here,2015,5
2016-01-10,Sinister 2,2015,4
2016-01-09,The Intern,2015,7
2016-01-03,D3: The Mighty Ducks,1996,4
2016-01-03,D2: The Mighty Ducks,1994,5
2016-01-03,The Mighty Ducks,1992,7
2016-01-03,Crimson Peak,2015,7
2016-01-02,Straight Outta Compton,2015,8
2016-01-01,The Guest,2014,9
2015-12-30,Star Wars: The Force Awakens,2015,8
2015-12-29,The Visit,2015,7
2015-12-29,Unfriended,2014,5
2015-12-28,Black Christmas,1974,8
2015-12-18,Star Wars: The Force Awakens,2015,8
2015-12-12,The Martian,2015,9
2015-12-08,Vacation,2015,5
2015-12-08,Maze Runner: The Scorch Trials,2015,5
2015-12-05,Goosebumps,2015,6
2015-11-21,Dawn of the Dead,2004,8
2015-11-20,Tales of Halloween,2015,6
2015-11-18,American Ultra,2015,5
2015-11-10,Shaun of the Dead,2004,8
2015-11-07,The Man from U.N.C.L.E.,2015,6
2015-11-07,The Conjuring,2013,9
2015-11-01,Terminator Genisys,2015,5
2015-11-01,The Empire Strikes Back,1980,10
2015-11-01,Star Wars,1977,10
2015-10-31,The Final Girls,2015,7
2015-10-30,Suspiria,1977,8
2015-10-30,Deep Red,1975,7
2015-10-29,Spectre,2015,6
2015-10-24,New Nightmare,1994,8
2015-10-23,Turbo Kid,2015,7
2015-10-22,Freddy's Dead: The Final Nightmare,1991,2
2015-10-21,A Nightmare on Elm Street: The Dream Child,1989,4
2015-10-19,A Nightmare on Elm Street 4: The Dream Master,1988,5
2015-10-18,Dope,2015,8
2015-10-18,Heartbreak Ridge,1986,7
2015-10-15,A Nightmare on Elm Street 3: Dream Warriors,1987,6
2015-10-11,Paper Towns,2015,6
2015-10-10,Marshland,2014,8
2015-10-08,Sicario,2015,8
2015-10-04,Cooties,2014,6
2015-10-03,Deathgasm,2015,6
2015-10-01,The Virgin Spring,1960,8
2015-09-29,A Nightmare on Elm Street Part 2: Freddy's Revenge,1985,4
2015-09-28,The Princess Bride,1987,8
2015-09-28,A Nightmare on Elm Street,1984,7
2015-09-26,Escape from L.A.,1996,5
2015-09-25,Escape from New York,1981,7
2015-09-20,Tomorrowland,2015,5
2015-09-15,Predator,1987,7
2015-09-13,The Last House on the Left,1972,6
2015-09-06,The Book of Life,2014,8
2015-09-05,PERSONA3 THE MOVIE #2 Midsummer Knight's Dream,2014,7
2015-09-01,Mission: Impossible – Rogue Nation,2015,8
2015-09-01,Drunken Master II,1994,7
2015-08-31,Armour of God,1986,5
2015-08-26,Batman vs. Robin,2015,6
2015-08-26,Layer Cake,2004,8
2015-08-24,Stung,2015,7
2015-08-23,Dead Rising: Watchtower,2015,4
2015-08-23,On Her Majesty's Secret Service,1969,5
2015-08-20,"McFarland, USA",2015,7
2015-08-20,Harbinger Down,2015,4
2015-08-18,Ant-Man,2015,8
2015-08-15,Goodnight Mommy,2014,7
2015-08-13,Inside Out,2015,9
2015-08-09,The Gallows,2015,5
2015-08-07,Hot Fuzz,2007,10
2015-08-05,The Commitments,1991,8
2015-07-31,Doctor Strange,2007,5
2015-07-29,Burying the Ex,2014,5
2015-07-27,Lifeforce,1985,6
2015-07-16,Groundhog Day,1993,8
2015-07-15,The Secret Life of Walter Mitty,2013,8
2015-07-13,Revenge of the Green Dragons,2014,5
2015-07-11,Safety Not Guaranteed,2012,6
2015-07-11,Bridesmaids,2011,8
2015-07-11,Begin Again,2013,9
2015-07-03,Beverly Hills Cop II,1987,7
2015-07-01,Spring,2014,7
2015-06-30,Beverly Hills Cop,1984,7
2015-06-15,Child's Play 3,1991,4
2015-06-13,Kingsman: The Secret Service,2014,9
2015-06-12,Zoolander,2001,6
2015-06-12,Alien,1979,10
2015-06-04,Shrew's Nest,2014,7
2015-06-03,Child's Play 2,1990,6
2015-06-01,Child's Play,1988,7
2015-05-30,Personal Effects,2008,6
2015-05-29,Kung Fury,2015,10
2015-05-26,Kill Me Three Times,2014,7
2015-05-26,It Follows,2014,9
2015-05-25,Almost Human,2013,4
2015-05-19,Starred Up,2013,9
2015-05-18,Mississippi Burning,1988,9
2015-05-17,Mad Max: Fury Road,2015,8
2015-05-12,Focus,2015,7
2015-05-09,Black Sunday,1960,7
2015-05-08,Red Dawn,1984,6
2015-05-07,Avengers: Age of Ultron,2015,8
2015-05-04,Night of the Creeps,1986,6
2015-05-04,Dolls,1986,6
2015-05-03,Fast & Furious 6,2013,7
2015-05-02,The Three Musketeers,1993,5
2015-05-02,Fast & Furious,2009,6
2015-05-02,Escape from Alcatraz,1979,7
2015-04-26,F/X,1986,6
2015-04-25,Stage Fright,2014,6
2015-04-24,48 Hrs.,1982,7
2015-04-20,Tangled,2010,8
2015-04-19,Freaky Friday,2003,6
2015-04-17,Sleepaway Camp II: Unhappy Campers,1988,6
2015-04-17,Sleepaway Camp,1983,5
2015-04-16,Touch of Evil,1958,8
2015-04-15,22 Jump Street,2014,8
2015-04-15,Vampire Hunter D: Bloodlust,2000,8
2015-04-13,21 Jump Street,2012,7
2015-04-12,Black Rain,1989,8
2015-04-11,Blood Creek,2009,7
2015-04-11,Cliffhanger,1993,7
2015-04-10,Furious 7,2015,8
2015-04-08,Zombie Ass: Toilet of the Dead,2011,1
2015-04-07,The Theatre Bizarre,2011,3
2015-04-06,Predestination,2014,7
2015-04-02,The Yakuza,1974,8
2015-04-01,The Incredibles,2004,9
2015-04-01,Finding Nemo,2003,8
2015-03-30,Pacific Rim,2013,8
2015-03-28,Big Ass Spider!,2013,5
2015-03-28,Weird Science,1985,6
2015-03-27,Sherlock Holmes: A Game of Shadows,2011,6
2015-03-26,WarGames,1983,7
2015-03-26,Sherlock Holmes,2009,8
2015-03-26,Edge of Tomorrow,2014,8
2015-03-24,DeepStar Six,1989,6
2015-03-23,Evil Dead,2013,8
2015-03-23,Army of Darkness,1992,7
2015-03-22,Evil Dead II,1987,8
2015-03-22,The Evil Dead,1981,8
2015-03-20,Basket Case,1982,4
2015-03-20,The Last American Virgin,1982,6
2015-03-18,Deep Red,1975,7
2015-03-18,Evil Under the Sun,1982,7
2015-03-17,Wizards,1977,3
2015-03-16,Pitch Perfect,2012,7
2015-03-15,Independence Day,1996,5
2015-03-12,The Lego Movie,2014,9
2015-03-12,Rabid,1977,5
2015-03-10,Nightcrawler,2014,9
2015-03-09,The Hunt for Red October,1990,8
2015-03-09,Ex Machina,2015,9
2015-03-09,Saint Seiya: Legend of Sanctuary,2014,6
2015-03-07,From Beyond,1986,5
2015-03-05,Godzilla,2014,8
2015-03-04,Kingsman: The Secret Service,2014,8
2015-03-03,The Damned United,2009,9
2015-03-03,Suburban Gothic,2014,5
2015-03-02,Curtains,1983,4
2015-02-26,Dead Sushi,2012,1
2015-02-25,Godzilla,1998,6
2015-02-24,The Voices,2014,7
2015-02-23,How to Train Your Dragon 2,2014,9
2015-02-22,Godzilla,1954,7
2015-02-21,Big Hero 6,2014,8
2015-02-20,Boyhood,2014,8
2015-02-19,The Imitation Game,2014,8
2015-02-17,The Theory of Everything,2014,7
2015-02-16,Lethal Weapon 4,1998,7
2015-02-15,Deliver Us from Evil,2014,7
2015-02-14,Horrible Bosses 2,2014,5
2015-02-14,Lethal Weapon 3,1992,7
2015-02-12,Whiplash,2014,10
2015-02-11,Birdman or (The Unexpected Virtue of Ignorance),2014,9
2015-02-11,The Italian Job,2003,7
2015-02-10,Lethal Weapon 2,1989,7
2015-02-09,Calvary,2014,9
2015-02-07,Top Secret!,1984,7
2015-02-07,Lethal Weapon,1987,7
2015-02-03,Oculus,2013,7
2015-01-30,'71,2014,9
2015-01-28,The Babadook,2014,9
2015-01-27,Rurouni Kenshin Part III: The Legend Ends,2014,7
2015-01-25,A Perfect Plan,2012,5
2015-01-24,Why Don't You Play in Hell?,2013,8
2015-01-21,The Day After Tomorrow,2004,6
2015-01-19,Chef,2014,8
2015-01-19,The Interview,2014,7
2015-01-18,The Day of the Beast,1995,9
2015-01-18,John Wick,2014,8
2015-01-17,xXx,2002,6
2015-01-16,"Me, Myself and Mum",2013,7
2015-01-15,Dark Skies,2013,4
2015-01-13,Hercules,2014,6
2015-01-12,The Name of the Rose,1986,9
2015-01-12,Maniac,2012,9
2015-01-12,Raiders of the Lost Ark,1981,10
2015-01-11,Spanish Affair,2014,6
2015-01-11,A Million Ways to Die in the West,2014,6
2015-01-10,Neo Tokyo,1987,7
2015-01-07,Motel Hell,1980,3
2015-01-06,Aliens,1986,9
2015-01-06,What We Do in the Shadows,2014,9
2015-01-05,The Innkeepers,2011,5
2015-01-04,Jurassic Park,1993,9
2015-01-01,Alien,1979,10
2014-12-25,Willow,1988,8
2014-12-21,That's My Boy,2012,5
2014-12-21,Rurouni Kenshin Part II: Kyoto Inferno,2014,7
2014-12-20,Despicable Me,2010,7
2014-12-14,Annabelle,2014,5
2014-12-13,Guardians of the Galaxy,2014,9
2014-12-13,"As Above, So Below",2014,7
2014-12-10,Nightbreed,1990,5
2014-11-25,Extraterrestrial,2014,7
2014-11-24,The Hunger Games: Mockingjay – Part 1,2014,7
2014-11-23,The Hunger Games: Catching Fire,2013,8
2014-11-21,Love Exposure,2008,7
2014-11-16,The Hunger Games,2012,7
2014-11-15,Interstellar,2014,9
2014-11-14,Sharknado 2: The Second One,2014,4
2014-11-14,Sharknado,2013,5
2014-11-03,V/H/S/2,2013,6
2014-11-02,The Terminator,1984,8
2014-11-02,Quantum of Solace,2008,8
2014-11-02,Housebound,2014,8
2014-11-01,Zombeavers,2014,2
2014-10-29,Crystal Lake Memories: The Complete History of Friday the 13th,2013,9
2014-10-26,Jason X,2001,6
2014-10-26,Jason Goes to Hell: The Final Friday,1993,5
2014-10-26,Friday the 13th Part VIII: Jason Takes Manhattan,1989,5
2014-10-25,Friday the 13th Part VII: The New Blood,1988,5
2014-10-24,Friday the 13th Part VI: Jason Lives,1986,7
2014-10-23,Friday the 13th: A New Beginning,1985,6
2014-10-23,Friday the 13th: The Final Chapter,1984,6
2014-10-23,Friday the 13th Part III,1982,5
2014-10-22,Friday the 13th Part 2,1981,6
2014-10-22,Teenage Mutant Ninja Turtles,2014,6
2014-10-21,Friday the 13th,1980,6
2014-10-21,Dredd,2012,8
2014-10-20,22 Jump Street,2014,7
2014-10-20,WolfCop,2014,4
2014-10-16,The Strange Color of Your Body's Tears,2013,8
2014-10-12,Gone Girl,2014,10
2014-10-06,Frances Ha,2012,7
2014-10-05,The Perks of Being a Wallflower,2012,7
2014-10-05,Frank,2014,8
2014-10-02,Turtle Power: The Definitive History of the Teenage Mutant Ninja Turtles,2014,7
2014-09-28,Coherence,2013,7
2014-09-22,The First Great Train Robbery,1978,8
2014-09-22,The Maze Runner,2014,8
2014-09-20,Captain America: The Winter Soldier,2014,8
2014-09-12,The Hound of the Baskervilles,1959,7
2014-09-11,Message from Space,1978,7
2014-09-10,House,1977,4
2014-09-09,How to Train Your Dragon,2010,9
2014-09-03,BASEketball,1998,7
2014-09-02,Neighbors,2014,7
2014-08-31,Only Lovers Left Alive,2013,9
2014-08-30,The Wedding Singer,1998,6
2014-08-27,Lucy,2014,6
2014-08-23,The Toxic Avenger,1984,8
2014-08-23,Return to Nuke 'Em High Volume 1,2013,5
2014-08-20,Guardians of the Galaxy,2014,9
2014-08-19,Berberian Sound Studio,2012,8
2014-08-18,The Strangers,2008,6
2014-08-16,Riki-Oh: The Story of Ricky,1991,6
2014-08-15,Jumanji,1995,8
2014-08-12,Locke,2013,9
2014-08-08,Rewind This!,2013,7
2014-08-06,Harry Potter and the Deathly Hallows: Part 2,2011,8
2014-08-05,The Addams Family,1991,8
2014-08-05,Global Metal,2008,7
2014-08-05,Harry Potter and the Deathly Hallows: Part 1,2010,8
2014-08-05,Harry Potter and the Half-Blood Prince,2009,8
2014-08-04,Divergent,2014,6
2014-08-04,Harry Potter and the Order of the Phoenix,2007,7
2014-08-03,Harry Potter and the Goblet of Fire,2005,6
2014-08-02,Harry Potter and the Prisoner of Azkaban,2004,7
2014-08-02,Harry Potter and the Chamber of Secrets,2002,6
2014-08-01,Harry Potter and the Philosopher's Stone,2001,7
2014-08-01,The Breakfast Club,1985,9
2014-07-31,The Ides of March,2011,8
2014-07-30,Anchorman 2: The Legend Continues,2013,7
2014-07-28,Savages,2012,6
2014-07-27,True Lies,1994,8
2014-07-23,Dawn of the Planet of the Apes,2014,9
2014-07-21,Pulp Fiction,1994,10
2014-07-20,The Bay,2012,6
2014-07-18,Brain Drain 2,2011,1
2014-07-18,Rise of the Planet of the Apes,2011,9
2014-07-16,Maleficent,2014,6
2014-07-15,Beauty and the Beast,1991,7
2014-07-09,X-Men: Days of Future Past,2014,8
2014-07-08,X-Men: First Class,2011,8
2014-07-08,Animal,2014,6
2014-07-07,PERSONA3 THE MOVIE #1 Spring of Birth,2013,7
2014-07-06,All About Evil,2010,4
2014-07-05,How I Live Now,2013,7
2014-07-03,The Great Beauty,2013,8
2014-07-03,The Lady from Shanghai,1947,8
2014-07-02,Jodorowsky's Dune,2013,10
2014-06-28,The Raid 2,2014,8
2014-06-28,Jack Ryan: Shadow Recruit,2014,6
2014-06-25,Edge of Tomorrow,2014,8
2014-06-25,Halloween II,2009,5
2014-06-24,Castle in the Sky,1986,7
2014-06-24,Ponyo,2008,8
2014-06-22,The French Connection,1971,8
2014-06-17,The Last House on the Left,2009,6
2014-06-16,Anonymous,2011,7
2014-06-14,Filth,2013,8
2014-06-09,Only God Forgives,2013,9
2014-06-08,Blood Glacier,2013,2
2014-05-30,Snowpiercer,2013,7
2014-05-27,American Reunion,2012,5
2014-05-26,American Wedding,2003,4
2014-05-25,American Pie 2,2001,7
2014-05-24,American Pie,1999,6
2014-05-23,Godzilla,2014,8
2014-05-20,Pirates of the Caribbean: The Curse of the Black Pearl,2003,7
2014-05-19,Iron Man,2008,8
2014-05-18,Aliens,1986,9
2014-05-06,Space Pirate Captain Harlock,2013,7
2014-05-02,Pompeii,2014,4
2014-04-28,Mothra vs. Godzilla,1964,6
2014-04-23,The Amazing Spider-Man 2,2014,8
2014-04-21,The Thing,1982,10
2014-04-20,The Thing,2011,8
2014-04-19,Fist of Jesus,2012,7
2014-04-19,Deus Irae,2010,7
2014-04-19,The Blood on Satan's Claw,1971,6
2014-04-19,Prince of Darkness,1987,7
2014-04-16,You Don't Mess with the Zohan,2008,7
2014-04-15,Kill Bill: Vol. 2,2004,10
2014-04-15,Kill Bill: Vol. 1,2003,10
2014-04-14,The Changeling,1980,7
2014-04-13,Puppet Master,1989,5
2014-04-12,Homefront,2013,6
2014-04-08,Three Many Weddings,2013,6
2014-04-06,Forbidden World,1982,5
2014-04-03,My Neighbor Totoro,1988,9
2014-04-01,A Nightmare on Elm Street: The Dream Child,1989,4
2014-03-30,Delicatessen,1991,9
2014-03-29,A Nightmare on Elm Street 4: The Dream Master,1988,5
2014-03-28,Captain America: The Winter Soldier,2014,8
2014-03-26,The Grand Budapest Hotel,2014,10
2014-03-21,47 Ronin,2013,4
2014-03-20,A Nightmare on Elm Street 3: Dream Warriors,1987,6
2014-03-20,A Nightmare on Elm Street Part 2: Freddy's Revenge,1985,4
2014-03-20,The Lords of Salem,2012,7
2014-03-19,Insidious: Chapter 2,2013,6
2014-03-18,Sinister,2012,7
2014-03-18,A Nightmare on Elm Street,1984,7
2014-03-18,Frozen,2013,8
2014-03-16,Raze,2013,7
2014-03-15,Tasmanian Devils,2013,1
2014-03-14,Rebecca,1940,9
2014-03-12,300: Rise of an Empire,2014,6
2014-03-11,The Cabin in the Woods,2011,8
2014-03-05,RoboCop,2014,6
2014-03-04,Police Story: Lockdown,2013,5
2014-03-02,The Shawshank Redemption,1994,10
2014-02-28,Much Ado About Nothing,2012,7
2014-02-26,Her,2013,8
2014-02-25,Knights of Badassdom,2013,5
2014-02-15,Skyfall,2012,10
2014-02-12,The Lego Movie,2014,8
2014-02-10,Hot Fuzz,2007,10
2014-02-09,The World's End,2013,9
2014-02-05,The Wolf of Wall Street,2013,8
2014-02-03,Shaun of the Dead,2004,8
2014-01-29,Mission: Impossible III,2006,8
2014-01-26,Source Code,2011,3
2014-01-25,Batman Begins,2005,10
2014-01-21,Escape Plan,2013,5
2014-01-18,Hot Fuzz,2007,8
2014-01-17,Star Trek Into Darkness,2013,7
2014-01-17,Star Trek,2009,9
2014-01-15,A Field in England,2013,8
2014-01-14,Come and See,1985,8
2014-01-13,Open Grave,2013,6
2014-01-07,Monsters University,2013,7
2014-01-06,The World's End,2013,9
2014-01-06,About Time,2013,9
2014-01-05,An Adventure in Space and Time,2013,10
2014-01-04,Ninja,2009,4
2014-01-01,The Lord of the Rings: The Return of the King,2003,8
2013-12-22,The Hobbit: The Desolation of Smaug,2013,8
2013-12-18,Scott Pilgrim vs. the World,2010,10
2013-12-17,Ace Attorney,2012,7
2013-12-16,Galaxy of Terror,1981,4
2013-12-15,To Catch a Thief,1955,6
2013-12-14,Bad Milo!,2013,4
2013-12-12,World War Z,2013,6
2013-12-10,Ray Harryhausen: Special Effects Titan,2011,9
2013-12-09,Berserk: The Golden Age Arc III – The Advent,2013,6
2013-12-08,Berserk: The Golden Age Arc II – The Battle for Doldrey,2012,4
2013-12-05,Ocean's Eleven,2001,10
2013-12-03,The Hunger Games: Catching Fire,2013,8
2013-11-29,The Way Way Back,2013,7
2013-11-28,The Heat,2013,7
2013-11-27,The Family,2013,5
2013-11-26,Doctor Who: The Day of the Doctor,2013,8
2013-11-25,Dawn of the Dead,2004,8
2013-11-24,GoldenEye,1995,7
2013-11-24,Taxi Driver,1976,9
2013-11-20,Ender's Game,2013,7
